task	original_line	first_pass_state
T-01.1	202	remaining
T-01.2	205	reopened
T-01.3	209	remaining
T-02.1	223	remaining
T-02.2	224	remaining
T-02.3	227	remaining
T-03.1	246	remaining
T-03.2	247	remaining
T-04.1	265	remaining
T-04.2	267	remaining
T-04.3	270	remaining
T-05.1	287	remaining
T-05.2	289	remaining
T-05.3	292	remaining
T-05.4	293	remaining
T-06.1	317	remaining
T-06.2	319	remaining
T-06.3	321	remaining
T-06.4	356	remaining
T-07.1	402	remaining
T-07.2	404	remaining
T-07.3	406	remaining
T-07.4	409	remaining
T-08.1	423	remaining
T-08.2	426	remaining
T-08.3	427	remaining
T-08.4	430	remaining
T-09.1	449	remaining
T-10.1	509	remaining
T-10.2	510	remaining
T-10.3	512	remaining
T-11.1	527	remaining
T-11.2	529	remaining
T-11.3	531	remaining
T-12.1	544	remaining
T-12.2	546	remaining
T-12.3	549	remaining
T-13.1	565	remaining
T-13.2	567	remaining
T-13.3	569	remaining
T-13.4	571	remaining
T-14.1	590	reopened
T-15.1	632	remaining
T-15.2	634	remaining
T-16.1	655	remaining
T-16.2	658	remaining
T-16.3	662	remaining
T-16.4	664	remaining
T-16.5	665	remaining
T-17.0	710	remaining
T-17.1	715	reopened
T-17.2	760	reopened
T-17.3	807	reopened
T-18.0	860	remaining
T-18.1	864	reopened
T-18.2	898	reopened
T-18.3	918	remaining
T-19.1	959	reopened
T-20.1	1006	reopened
T-21.1	1046	reopened
T-21.2	1095	reopened
T-21.3	1127	remaining
T-22.1	1188	remaining
T-22.1a	1193	remaining
T-22.2	1247	remaining
T-22.3	1284	reopened
T-22.4	1327	reopened
T-22.5	1367	reopened
T-23.1	1413	reopened
T-24.1	1477	reopened
T-24.2	1509	reopened
T-24.3	1566	reopened
T-25.1	1620	remaining
T-25.2	1622	reopened
T-37.1	2127	remaining
T-37.2	2128	remaining
T-37.3	2129	remaining
T-37.4	2130	remaining
T-37.5	2131	remaining
T-37.6	2132	remaining
T-38.1	2147	remaining
T-38.2	2164	remaining
T-38.3	2174	remaining
