kind	name	p50-wall-candidate-over-baseline	p99-wall-candidate-over-baseline	allocation-coordinates-equal
scenario	cold-ingest	0.999494	0.994581	true
scenario	warm-ingest	1.000071	0.968111	true
scenario	repeated-near-neighbor-edits	0.999713	0.988395	true
scenario	early-insertion	0.999812	1.029128	true
scenario	early-deletion	1.002353	1.065063	true
scenario	many-tiny-blobs	1.030927	0.764819	true
scenario	large-binary	1.004030	0.945066	true
scenario	high-deduplication	1.002846	0.990950	true
scenario	zero-deduplication	0.999354	0.992373	true
scenario	sequential-range-reads	0.995669	1.009372	true
scenario	random-range-reads	0.996624	0.983132	true
scenario	whole-blob-verification	0.982336	0.990260	true
scenario	varied-input-partitioning	0.984055	0.901187	true
profile	keep-fastcdc-4-16-64	0.991414	0.988017	true
profile	keep-fastcdc-16-64-256	1.003040	0.996005	true
profile	keep-fastcdc-64-256-1024	1.001192	1.083662	true
profile	fixed-64	1.008027	1.024674	true
profile	git-cas-buzhash-64-256-1024	0.999791	0.924674	true
